{
	"gpu_version": {
		"iter_for_reliability": 5,
		"test_performed": [
			{
				"img_n": 1,
				"elapsed_times": [0.46452,0.0373633,0.0371018,0.037428,0.0373338]
			},
			{
				"img_n": 10,
				"elapsed_times": [2.31918,1.94342,1.94369,1.94484,1.9512]
			},
			{
				"img_n": 100,
				"elapsed_times": [10.0324,9.81489,9.88185,9.92839,9.9735]
			},
			{
				"img_n": 1000,
				"elapsed_times": [90.3249,90.5745,91.0819,91.217,91.2149]
			}
		]
	}
}
