{
	"gpu_mem_shared_version": {
		"iter_for_reliability": 5,
		"test_performed": [
			{
				"img_n": 1,
				"elapsed_times": [0.0265621,0.026213,0.0260256,0.025877,0.0261163]
			},
			{
				"img_n": 10,
				"elapsed_times": [2.03518,2.03359,2.03243,2.03599,2.03344]
			},
			{
				"img_n": 100,
				"elapsed_times": [10.3073,10.4234,10.3115,10.3055,10.3084]
			},
			{
				"img_n": 1000,
				"elapsed_times": [90.219,90.1945,90.4798,90.1873,90.2918]
			}
		]
	}
}
